run,old_before,old_after,delta_old,new_before,new_after,delta_new
dapt_full,1.1628875732421875,2.5938045978546143,1.4309170246124268,4.502756118774414,3.887659788131714,0.6150963306427002
