{
  "before": {
    "old_val": {
      "loss": 1.1628875732421875,
      "ppl_approx": 3.199157753856675
    },
    "new_val": {
      "loss": 4.502756118774414,
      "ppl_approx": 90.2655714140822
    }
  },
  "runs": {
    "dapt_full": {
      "after_old": {
        "loss": 2.5938045978546143,
        "ppl_approx": 13.380582620092103
      },
      "after_new": {
        "loss": 3.887659788131714,
        "ppl_approx": 48.79655851465982
      },
      "delta_old": 1.4309170246124268,
      "delta_new": 0.6150963306427002
    }
  }
}