{
  "before": {
    "old_val": {
      "loss": 1.1628875732421875,
      "ppl_approx": 3.199157753856675
    },
    "new_val": {
      "loss": 4.502756118774414,
      "ppl_approx": 90.2655714140822
    }
  },
  "runs": {
    "dapt_lora": {
      "after_old": {
        "loss": 1.2969015836715698,
        "ppl_approx": 3.657945253694869
      },
      "after_new": {
        "loss": 1.2771062850952148,
        "ppl_approx": 3.586247119459806
      },
      "delta_old": 0.13401401042938232,
      "delta_new": 3.225649833679199
    }
  }
}