run,old_before,old_after,delta_old,new_before,new_after,delta_new
dapt_lora,1.1628875732421875,1.2969015836715698,0.13401401042938232,4.502756118774414,1.2771062850952148,3.225649833679199
