task\task,T1,T2,T3
T1,0.999100,0.998600,0.957400
T2,0.998100,0.958900,0.951400
T3,0.998600,0.958900,0.955700
