task\task,T1,T2,T3
T1,0.999500,0.986800,0.954500
T2,0.976400,0.900100,0.973300
T3,0.964500,0.916300,0.878900
