task\task,T1,T2,T3
T1,0.999100,0.999100,0.111200
T2,0.956500,0.156200,0.841500
T3,0.828400,0.163600,0.675600
