task\task,T1,T2,T3
T1,0.942100,0.955100,0.950600
T2,0.966000,0.955300,0.959400
T3,0.163200,0.051000,0.163200
