task\task,T1,T2,T3
T1,0.938800,0.949200,0.945100
T2,0.960600,0.950400,0.946100
T3,0.508300,0.391800,0.493800
