task\task,T1,T2,T3
T1,0.940500,0.948400,0.942300
T2,0.960100,0.952800,0.949700
T3,0.955100,0.947800,0.940200
