task\task,T1,T2,T3
T1,0.999500,0.999500,0.978000
T2,0.999100,0.965700,0.991500
T3,0.998600,0.960300,0.992000
