task\task,T1,T2,T3
T1,0.999100,0.999100,0.965700
T2,0.999100,0.954000,0.958900
T3,0.999100,0.944700,0.961000
