task\task,T1,T2,T3
T1,0.999500,0.000000,0.968200
T2,0.000000,0.000000,0.992500
T3,0.000000,0.000000,0.000000
