task\task,T1,T2,T3
T1,0.999500,0.999100,0.975000
T2,0.999500,0.957400,0.992000
T3,0.999100,0.957900,0.992000
