task\task,T1,T2,T3
T1,0.939200,0.955000,0.953300
T2,0.967000,0.956100,0.959000
T3,0.182200,0.083800,0.180900
