task\task,T1,T2,T3
T1,0.999500,0.999500,0.977500
T2,0.999500,0.960300,0.991500
T3,0.999500,0.954900,0.989300
