task\task,T1,T2,T3
T1,0.940500,0.953200,0.951200
T2,0.968600,0.955100,0.959800
T3,0.239100,0.070800,0.229700
