task\task,T1,T2,T3
T1,0.999500,0.000000,0.969100
T2,0.000000,0.000000,0.993100
T3,0.000000,0.000000,0.000000
