task\task,T1,T2,T3
T1,0.999500,0.998600,0.964700
T2,0.999100,0.952500,0.958900
T3,0.999100,0.958900,0.969100
