task\task,T1,T2,T3
T1,0.938000,0.951500,0.939600
T2,0.959800,0.948600,0.947900
T3,0.375600,0.248400,0.368200
