task\task,T1,T2,T3
T1,0.943600,0.950800,0.941900
T2,0.956600,0.948900,0.942400
T3,0.956200,0.945900,0.939300
