task\task,T1,T2,T3
T1,0.999500,0.999100,0.054800
T2,0.985300,0.101900,0.630700
T3,0.931000,0.142500,0.551200
