task\task,T1,T2,T3
T1,0.939600,0.948300,0.937000
T2,0.956300,0.946700,0.941900
T3,0.951900,0.937000,0.932400
