task\task,T1,T2,T3
T1,0.999500,1.000000,0.131200
T2,0.998600,0.779600,0.399100
T3,0.995700,0.890300,0.844700
