task\task,T1,T2,T3
T1,0.941600,0.948600,0.945400
T2,0.960700,0.953500,0.949400
T3,0.955300,0.951100,0.944900
