task\task,T1,T2,T3
T1,0.999100,0.998600,0.964300
T2,0.999100,0.953500,0.961000
T3,0.999100,0.957400,0.964800
