task\task,T1,T2,T3
T1,0.999500,0.990500,0.960800
T2,0.974500,0.904500,0.968000
T3,0.961200,0.897200,0.927400
