task\task,T1,T2,T3
T1,0.999500,0.998600,0.959400
T2,0.998100,0.958400,0.961000
T3,0.997600,0.960300,0.965800
