task\task,T1,T2,T3
T1,0.999100,0.999100,0.977500
T2,0.999100,0.963800,0.991500
T3,0.999100,0.962800,0.991500
