task\task,T1,T2,T3
T1,0.999500,0.999500,0.237000
T2,0.996700,0.822200,0.529300
T3,0.994800,0.896700,0.869800
