task\task,T1,T2,T3
T1,0.999500,0.999500,0.976500
T2,0.999500,0.965200,0.992000
T3,0.999500,0.962800,0.992000
