task\task,T1,T2,T3
T1,0.999500,0.986800,0.961300
T2,0.973000,0.907900,0.964800
T3,0.969300,0.883400,0.925800
