task\task,T1,T2,T3
T1,0.940500,0.949200,0.945100
T2,0.962000,0.951900,0.949200
T3,0.958800,0.954200,0.944500
