run,old_before,old_after,delta_old,new_before,new_after,delta_new
dapt_lora_rewarm,1.1628875732421875,1.2917664051055908,0.12887883186340332,4.502756118774414,1.2735328674316406,3.2292232513427734
