{
  "before": {
    "old_val": {
      "loss": 1.1628875732421875,
      "ppl_approx": 3.199157753856675
    },
    "new_val": {
      "loss": 4.502756118774414,
      "ppl_approx": 90.2655714140822
    }
  },
  "runs": {
    "dapt_lora_rewarm": {
      "after_old": {
        "loss": 1.2917664051055908,
        "ppl_approx": 3.6392091992976
      },
      "after_new": {
        "loss": 1.2735328674316406,
        "ppl_approx": 3.573454830365483
      },
      "delta_old": 0.12887883186340332,
      "delta_new": 3.2292232513427734
    }
  }
}