run,old_before,old_after,delta_old,new_before,new_after,delta_new
dapt_lora_replay,1.1628875732421875,1.2675635814666748,0.1046760082244873,4.502756118774414,1.2669998407363892,3.235756278038025
