{
  "before": {
    "old_val": {
      "loss": 1.1628875732421875,
      "ppl_approx": 3.199157753856675
    },
    "new_val": {
      "loss": 4.502756118774414,
      "ppl_approx": 90.2655714140822
    }
  },
  "runs": {
    "dapt_lora_replay": {
      "after_old": {
        "loss": 1.2675635814666748,
        "ppl_approx": 3.5521873954512455
      },
      "after_new": {
        "loss": 1.2669998407363892,
        "ppl_approx": 3.55018544707776
      },
      "delta_old": 0.1046760082244873,
      "delta_new": 3.235756278038025
    }
  }
}