{
  "before": {
    "old_val": {
      "loss": 1.1628875732421875,
      "ppl_approx": 3.199157753856675
    },
    "new_val": {
      "loss": 4.502756118774414,
      "ppl_approx": 90.2655714140822
    }
  },
  "runs": {
    "dapt_layer_exp": {
      "after_old": {
        "loss": 1.207911729812622,
        "ppl_approx": 3.346488977497372
      },
      "after_new": {
        "loss": 2.5586419105529785,
        "ppl_approx": 12.918261242615305
      },
      "delta_old": 0.04502415657043457,
      "delta_new": 1.9441142082214355
    }
  }
}