run,old_before,old_after,delta_old,new_before,new_after,delta_new
dapt_layer_exp,1.1628875732421875,1.207911729812622,0.04502415657043457,4.502756118774414,2.5586419105529785,1.9441142082214355
