task\task,T1,T2,T3
T1,0.941200,0.949300,0.945100
T2,0.959400,0.951700,0.947500
T3,0.955100,0.948000,0.941200
