task\task,T1,T2,T3
T1,0.999100,0.993400,0.961300
T2,0.981600,0.895700,0.962600
T3,0.967800,0.871700,0.921000
