task\task,T1,T2,T3
T1,0.938600,0.952200,0.950100
T2,0.967000,0.956900,0.958600
T3,0.156700,0.031000,0.150000
