task\task,T1,T2,T3
T1,0.999100,0.990100,0.962300
T2,0.978300,0.896700,0.969100
T3,0.973500,0.893200,0.906100
