task\task,T1,T2,T3
T1,0.940900,0.946000,0.942200
T2,0.960800,0.950500,0.948100
T3,0.958100,0.951700,0.944100
