task\task,T1,T2,T3
T1,0.999500,0.000000,0.977000
T2,0.000000,0.000000,0.994100
T3,0.000000,0.000000,0.000000
