task\task,T1,T2,T3
T1,0.940600,0.953800,0.952100
T2,0.966700,0.956300,0.959300
T3,0.235800,0.124600,0.233300
