task\task,T1,T2,T3
T1,0.940700,0.950600,0.948800
T2,0.968100,0.957000,0.960300
T3,0.176800,0.045100,0.174100
