task\task,T1,T2,T3
T1,0.999100,0.980100,0.969600
T2,0.977800,0.894200,0.969600
T3,0.976800,0.887900,0.900200
