task\task,T1,T2,T3
T1,0.941000,0.948800,0.943300
T2,0.961900,0.953600,0.951100
T3,0.958200,0.952400,0.945100
